producer_market,variety,grade,horizon,dyn_mult_pos,dyn_mult_neg
Shopian,American,A,0,-0.0,0.0
Shopian,American,A,1,-0.07622231745234287,0.07623264838882285
Shopian,American,A,2,-0.14358399904465977,0.14360345997451932
Shopian,American,A,3,-0.2031150694530316,0.20314259903951995
Shopian,American,A,4,-0.25572581580308607,0.2557604760869459
Shopian,American,A,5,-0.30222070683263697,0.30226166888980843
Shopian,American,A,6,-0.34331069398974895,0.34335722525632617
Shopian,American,A,7,-0.3796240825618081,0.3796755356324349
Shopian,American,A,8,-0.41171613906558124,0.411771941794003
Shopian,American,A,9,-0.44007758180446727,0.4401372285548659
Shopian,American,A,10,-0.46514208442169713,0.4652051283370351
Shopian,American,A,11,-0.48729290718600454,0.4873589533551522
Shopian,American,A,12,-0.5068687574084811,0.5069374568276473
Shopian,American,A,13,-0.524168968602005,0.5242400128381344
Shopian,American,A,14,-0.539458077577557,0.5395311940520929
Shopian,American,A,15,-0.5529698694656128,0.5530448172865101
Shopian,American,A,16,-0.5649109525148646,0.5649875187931193
Shopian,American,A,17,-0.5754639173303733,0.5755419139247457
Shopian,American,A,18,-0.5847901288589283,0.5848693894990832
Shopian,American,A,19,-0.5930321938137483,0.5931125715578218
Shopian,American,A,20,-0.6003161412678113,0.6003975062555293
Shopian,American,B,0,-0.0,0.0
Shopian,American,B,1,-0.10636402649455831,0.10638477987420546
Shopian,American,B,2,-0.20043874096062345,0.20047784987201242
Shopian,American,B,3,-0.2836440519435098,0.283699395586362
Shopian,American,B,4,-0.3572358115895743,0.35730551420112266
Shopian,American,B,5,-0.4223247707416896,0.4224071732850161
Shopian,American,B,6,-0.4798933439607742,0.4799869790842797
Shopian,American,B,7,-0.5308104375147795,0.5309140074048398
Shopian,American,B,8,-0.575844564140101,0.5759569209326295
Shopian,American,B,9,-0.6156754425219239,0.6157955709771844
Shopian,American,B,10,-0.6509042565692584,0.6510312587484324
Shopian,American,B,11,-0.6820627293321398,0.6821958110443644
Shopian,American,B,12,-0.7096211485173772,0.7097596073326946
Shopian,American,B,13,-0.7339954647352761,0.7341386793825677
Shopian,American,B,14,-0.7555535696141069,0.7557009906039917
Shopian,American,B,15,-0.7746208485404951,0.7747719898716591
Shopian,American,B,16,-0.7914850918355395,0.7916395236593174
Shopian,American,B,17,-0.8064008384930688,0.8065581806255602
Shopian,American,B,18,-0.8195932180418726,0.8197531342256692
Shopian,American,B,19,-0.8312613485187229,0.8314235413476366
Shopian,American,B,20,-0.8415813418391962,0.8417455482693847
Shopian,Delicious,A,0,-0.0,0.0
Shopian,Delicious,A,1,-0.0039187162337670925,0.003938481315677145
Shopian,Delicious,A,2,-0.00686549501014243,0.006900122950297738
Shopian,Delicious,A,3,-0.009081400587094252,0.00912720503318178
Shopian,Delicious,A,4,-0.010747707391436713,0.010801916296666068
Shopian,Delicious,A,5,-0.012000729359104406,0.012061258212079056
Shopian,Delicious,A,6,-0.01294297123639025,0.013008252535516312
Shopian,Delicious,A,7,-0.013651514085773565,0.013720369108185372
Shopian,Delicious,A,8,-0.014184320981236913,0.014255863356164914
Shopian,Delicious,A,9,-0.014584978736939857,0.014658541935241373
Shopian,Delicious,A,10,-0.01488626357122362,0.01496134637928319
Shopian,Delicious,A,11,-0.01511282239874497,0.015189047916180845
Shopian,Delicious,A,12,-0.015283189096590457,0.015360273903532584
Shopian,Delicious,A,13,-0.015411300687086921,0.015489031658724001
Shopian,Delicious,A,14,-0.015507637470197082,0.015585854341882935
Shopian,Delicious,A,15,-0.01558008037519926,0.015658662631839206
Shopian,Delicious,A,16,-0.015634555668184225,0.01571341268537423
Shopian,Delicious,A,17,-0.015675519756326584,0.015754583386731018
Shopian,Delicious,A,18,-0.015706323748841095,0.0157855427473301
Shopian,Delicious,A,19,-0.01572948759790657,0.01580882342939567
Shopian,Delicious,A,20,-0.01574690624593653,0.015826329932984582
Shopian,Delicious,B,0,-0.0,0.0
Shopian,Delicious,B,1,-0.003808722572382264,0.0038954367991487176
Shopian,Delicious,B,2,-0.007243357939901106,0.007408269447897425
Shopian,Delicious,B,3,-0.010340648405043264,0.010576076770765958
Shopian,Delicious,B,4,-0.013133727494655797,0.013432746654654118
Shopian,Delicious,B,5,-0.01565247440865332,0.016008838567379412
Shopian,Delicious,B,6,-0.017923833655287512,0.018331910470170003
Shopian,Delicious,B,7,-0.01997210329230422,0.020426813621286954
Shopian,Delicious,B,8,-0.021819194857472305,0.0223159584244624
Shopian,Delicious,B,9,-0.02348486776911311,0.024019554166089852
Shopian,Delicious,B,10,-0.02498694070415004,0.02555582520577557
Shopian,Delicious,B,11,-0.026341482214912733,0.026941205932967564
Shopian,Delicious,B,12,-0.02756298262383541,0.028190516575227448
Shopian,Delicious,B,13,-0.028664509034907255,0.029317121738868867
Shopian,Delicious,B,14,-0.029657845120123105,0.03033307337796446
Shopian,Delicious,B,15,-0.030553617176311783,0.031249239721144434
Shopian,Delicious,B,16,-0.0313614078008456,0.03207542153539198
Shopian,Delicious,B,17,-0.03208985840228665,0.03282045697057743
Shopian,Delicious,B,18,-0.032746761642586164,0.03349231610631444
Shopian,Delicious,B,19,-0.03333914479974513,0.034098186212561006
Shopian,Delicious,B,20,-0.0338733449427154,0.03464454863604813
Sopore,American,A,0,-0.0,0.0
Sopore,American,A,1,-0.00048105214356673824,0.0007041559786109825
Sopore,American,A,2,-0.0007880301540773506,0.0011535051901131739
Sopore,American,A,3,-0.0009839247160230659,0.0014402523313870967
Sopore,American,A,4,-0.00110893262566478,0.0016232367918558033
Sopore,American,A,5,-0.0011887050160659047,0.001740006265560993
Sopore,American,A,6,-0.0012396108690519141,0.0018145213908042032
Sopore,American,A,7,-0.0012720958661192286,0.0018620723792074727
Sopore,American,A,8,-0.0012928258013342121,0.0018924165072049476
Sopore,American,A,9,-0.001306054376147592,0.001911780270921452
Sopore,American,A,10,-0.0013144960422588644,0.0019241370387712254
Sopore,American,A,11,-0.0013198829964651577,0.001932022371082064
Sopore,American,A,12,-0.0013233206206542914,0.0019370543071359162
Sopore,American,A,13,-0.0013255143018353773,0.0019402653804872893
Sopore,American,A,14,-0.001326914174788175,0.0019423144908014011
Sopore,American,A,15,-0.0013278074879554986,0.0019436221074827838
Sopore,American,A,16,-0.0013283775456977521,0.0019444565483489758
Sopore,American,A,17,-0.0013287413216291838,0.0019449890373949516
Sopore,American,A,18,-0.0013289734611450262,0.001945328839285741
Sopore,American,A,19,-0.00132912159836401,0.0019455456800374085
Sopore,American,A,20,-0.0013292161304628155,0.001945684054522243
Sopore,American,B,0,-0.0,0.0
Sopore,American,B,1,-0.0019207905444131935,0.0021053812543467445
Sopore,American,B,2,-0.0033025074805874076,0.0036198831581049852
Sopore,American,B,3,-0.004296442866860306,0.004709337152127091
Sopore,American,B,4,-0.005011428350660509,0.005493033760329036
Sopore,American,B,5,-0.005525751765547615,0.006056784388696341
Sopore,American,B,6,-0.005895729312077851,0.006462317304952928
Sopore,American,B,7,-0.00616187193941007,0.00675403661823132
Sopore,American,B,8,-0.006353321119901102,0.006963884337931026
Sopore,American,B,9,-0.006491039714919461,0.007114837886286401
Sopore,American,B,10,-0.006590107317952209,0.007223426027218724
Sopore,American,B,11,-0.006661371405197262,0.007301538694854591
Sopore,American,B,12,-0.006712635087525293,0.007357728890144832
Sopore,American,B,13,-0.006749511517539653,0.0073981491976610695
Sopore,American,B,14,-0.006776038505630408,0.007427225467128866
Sopore,American,B,15,-0.006795120642835475,0.007448141424926177
Sopore,American,B,16,-0.006808847341059459,0.0074631872784206715
Sopore,American,B,17,-0.006818721614685491,0.0074740104838206586
Sopore,American,B,18,-0.006825824654182009,0.00748179613554013
Sopore,American,B,19,-0.0068309342118061875,0.007487396728937072
Sopore,American,B,20,-0.006834609762129057,0.007491425504886478
Sopore,Delicious,A,0,0.0,0.0
Sopore,Delicious,A,1,1.5600431338283172e-05,3.781972537644155e-05
Sopore,Delicious,A,2,2.8658168614133156e-05,6.947526278446795e-05
Sopore,Delicious,A,3,3.9587642233667464e-05,9.597130522308294e-05
Sopore,Delicious,A,4,4.873573512882955e-05,0.00011814879208296106
Sopore,Delicious,A,5,5.639279223256232e-05,0.00013671159913460082
Sopore,Delicious,A,6,6.280183553390775e-05,0.00015224887834993828
Sopore,Delicious,A,7,6.816627718323235e-05,0.0001652537565854223
Sopore,Delicious,A,8,7.265637544843947e-05,0.00017613898659099586
Sopore,Delicious,A,9,7.641463842325518e-05,0.00018525004708143102
Sopore,Delicious,A,10,7.956034699211189e-05,0.00019287610764403418
Sopore,Delicious,A,11,8.219334060285402e-05,0.000199259206490271
Sopore,Delicious,A,12,8.439718600126247e-05,0.00020460193233756254
Sopore,Delicious,A,13,8.624182949765027e-05,0.0002090738542311339
Sopore,Delicious,A,14,8.778581694396712e-05,0.00021281690337754313
Sopore,Delicious,A,15,8.907815187971607e-05,0.00021594987780014556
Sopore,Delicious,A,16,9.015985082107812e-05,0.00021857221278660896
Sopore,Delicious,A,17,9.106524505548042e-05,0.00022076713679608043
Sopore,Delicious,A,18,9.182307025835688e-05,0.00022260431298913867
Sopore,Delicious,A,19,9.245737851468663e-05,0.0002241420502182069
Sopore,Delicious,A,20,9.298830169132542e-05,0.00022542915365150702
Sopore,Delicious,B,0,-0.0,0.0
Sopore,Delicious,B,1,-0.0004819831470297034,0.0004986994390041175
Sopore,Delicious,B,2,-0.0008972530637544833,0.0009283718783460092
Sopore,Delicious,B,3,-0.001255043797308862,0.001298571623303988
Sopore,Delicious,B,4,-0.0015633112731400615,0.0016175305292483913
Sopore,Delicious,B,5,-0.0018289102049829859,0.001892341047264276
Sopore,Delicious,B,6,-0.0020577465180124216,0.0021291139336916043
Sopore,Delicious,B,7,-0.0022549086744923096,0.002333114130452224
Sopore,Delicious,B,8,-0.0024247808221125153,0.002508877837633049
Sopore,Delicious,B,9,-0.002571140281008191,0.0026603133815810646
Sopore,Delicious,B,10,-0.00269724153720781,0.0027907881214386987
Sopore,Delicious,B,11,-0.0028058886102094696,0.0029032033265952973
Sopore,Delicious,B,12,-0.0028994974038692397,0.0030000586900487056
Sopore,Delicious,B,13,-0.0029801494270517105,0.0030835079122124146
Sopore,Delicious,B,14,-0.0030496380785887435,0.0031554065911438903
Sopore,Delicious,B,15,-0.0031095085257505043,0.003217353484093356
Sopore,Delicious,B,16,-0.003161092062976563,0.0032707260578752734
Sopore,Delicious,B,17,-0.0032055357148765224,0.0033167111185696016
Sopore,Delicious,B,18,-0.0032438277417599927,0.0033563312016426316
Sopore,Delicious,B,19,-0.003276819614843352,0.0033904673093048195
Sopore,Delicious,B,20,-0.0033052449497795477,0.0034198785006992593
