dataset,optimal_lag_y,optimal_lag_exog,aic,bic,hqic
weekly_model_Shopian_American_A_posneg.csv,[1],"{'NASCDI_pos': [0, 1], 'NASCDI_neg': [0]}","AIC
-119.802505             (1, {'NASCDI_pos': 1, 'NASCDI_neg': 0})
-119.579557             (1, {'NASCDI_pos': 0, 'NASCDI_neg': 1})
-118.012678             (1, {'NASCDI_pos': 1, 'NASCDI_neg': 1})
-117.969475             (1, {'NASCDI_pos': 2, 'NASCDI_neg': 0})
-117.859695             (2, {'NASCDI_pos': 1, 'NASCDI_neg': 0})
                                     ...                       
 12.749064        (None, {'NASCDI_pos': 5, 'NASCDI_neg': None})
 12.837822        (None, {'NASCDI_pos': None, 'NASCDI_neg': 5})
 14.580146        (None, {'NASCDI_pos': 6, 'NASCDI_neg': None})
 14.667209        (None, {'NASCDI_pos': None, 'NASCDI_neg': 6})
 23.980400     (None, {'NASCDI_pos': None, 'NASCDI_neg': None})
Name: AIC, Length: 448, dtype: object","BIC
-106.226425          (1, {'NASCDI_pos': 1, 'NASCDI_neg': 0})
-106.003478          (1, {'NASCDI_pos': 0, 'NASCDI_neg': 1})
-102.173919          (1, {'NASCDI_pos': 1, 'NASCDI_neg': 1})
-102.130716          (1, {'NASCDI_pos': 2, 'NASCDI_neg': 0})
-102.020936          (2, {'NASCDI_pos': 1, 'NASCDI_neg': 0})
                                   ...                      
 33.845146        (None, {'NASCDI_pos': 1, 'NASCDI_neg': 6})
 34.152271        (None, {'NASCDI_pos': 6, 'NASCDI_neg': 0})
 34.445102        (None, {'NASCDI_pos': 0, 'NASCDI_neg': 6})
 34.944265     (None, {'NASCDI_pos': 6, 'NASCDI_neg': None})
 35.031328     (None, {'NASCDI_pos': None, 'NASCDI_neg': 6})
Name: BIC, Length: 448, dtype: object","HQIC
-114.403728             (1, {'NASCDI_pos': 1, 'NASCDI_neg': 0})
-114.180781             (1, {'NASCDI_pos': 0, 'NASCDI_neg': 1})
-111.714105             (1, {'NASCDI_pos': 1, 'NASCDI_neg': 1})
-111.670903             (1, {'NASCDI_pos': 2, 'NASCDI_neg': 0})
-111.561122             (2, {'NASCDI_pos': 1, 'NASCDI_neg': 0})
                                     ...                       
 20.523433           (None, {'NASCDI_pos': 6, 'NASCDI_neg': 0})
 20.816264           (None, {'NASCDI_pos': 0, 'NASCDI_neg': 6})
 22.678311        (None, {'NASCDI_pos': 6, 'NASCDI_neg': None})
 22.765374        (None, {'NASCDI_pos': None, 'NASCDI_neg': 6})
 25.779992     (None, {'NASCDI_pos': None, 'NASCDI_neg': None})
Name: HQIC, Length: 448, dtype: object"
weekly_model_Shopian_American_B_posneg.csv,[1],"{'NASCDI_pos': [0, 1], 'NASCDI_neg': [0]}","AIC
-70.766296             (1, {'NASCDI_pos': 1, 'NASCDI_neg': 0})
-70.683575             (1, {'NASCDI_pos': 0, 'NASCDI_neg': 1})
-70.271271             (1, {'NASCDI_pos': 0, 'NASCDI_neg': 0})
-70.031752             (1, {'NASCDI_pos': 0, 'NASCDI_neg': 2})
-70.028912             (1, {'NASCDI_pos': 2, 'NASCDI_neg': 0})
                                    ...                       
 24.984308          (None, {'NASCDI_pos': 6, 'NASCDI_neg': 0})
 25.066279          (None, {'NASCDI_pos': 0, 'NASCDI_neg': 6})
 26.541216       (None, {'NASCDI_pos': 6, 'NASCDI_neg': None})
 26.608725       (None, {'NASCDI_pos': None, 'NASCDI_neg': 6})
 31.430039    (None, {'NASCDI_pos': None, 'NASCDI_neg': None})
Name: AIC, Length: 448, dtype: object","BIC
-58.957871       (1, {'NASCDI_pos': 0, 'NASCDI_neg': 0})
-57.190217       (1, {'NASCDI_pos': 1, 'NASCDI_neg': 0})
-57.107495       (1, {'NASCDI_pos': 0, 'NASCDI_neg': 1})
-54.732613       (2, {'NASCDI_pos': 0, 'NASCDI_neg': 0})
-54.192993       (1, {'NASCDI_pos': 0, 'NASCDI_neg': 2})
                                 ...                    
 48.277908    (None, {'NASCDI_pos': 3, 'NASCDI_neg': 6})
 48.947060    (None, {'NASCDI_pos': 6, 'NASCDI_neg': 2})
 48.954808    (None, {'NASCDI_pos': 6, 'NASCDI_neg': 1})
 48.969103    (None, {'NASCDI_pos': 1, 'NASCDI_neg': 6})
 49.089065    (None, {'NASCDI_pos': 2, 'NASCDI_neg': 6})
Name: BIC, Length: 448, dtype: object","HQIC
-65.772290          (1, {'NASCDI_pos': 0, 'NASCDI_neg': 0})
-65.367520          (1, {'NASCDI_pos': 1, 'NASCDI_neg': 0})
-65.284798          (1, {'NASCDI_pos': 0, 'NASCDI_neg': 1})
-63.733179          (1, {'NASCDI_pos': 0, 'NASCDI_neg': 2})
-63.730339          (1, {'NASCDI_pos': 2, 'NASCDI_neg': 0})
                                  ...                      
 33.977381       (None, {'NASCDI_pos': 1, 'NASCDI_neg': 6})
 33.982269       (None, {'NASCDI_pos': 6, 'NASCDI_neg': 0})
 34.064240       (None, {'NASCDI_pos': 0, 'NASCDI_neg': 6})
 34.639381    (None, {'NASCDI_pos': 6, 'NASCDI_neg': None})
 34.706890    (None, {'NASCDI_pos': None, 'NASCDI_neg': 6})
Name: HQIC, Length: 448, dtype: object"
weekly_model_Shopian_Delicious_A_posneg.csv,"[1, 2, 3, 4]","{'NASCDI_pos': [0, 1, 2, 3, 4], 'NASCDI_neg': [0, 1, 2]}","AIC
-235.325176             (4, {'NASCDI_pos': 4, 'NASCDI_neg': 2})
-233.862524             (4, {'NASCDI_pos': 6, 'NASCDI_neg': 2})
-233.821404             (4, {'NASCDI_pos': 5, 'NASCDI_neg': 2})
-233.565328             (5, {'NASCDI_pos': 4, 'NASCDI_neg': 2})
-233.558462             (4, {'NASCDI_pos': 2, 'NASCDI_neg': 4})
                                     ...                       
-5.010464         (None, {'NASCDI_pos': 1, 'NASCDI_neg': None})
-4.985674         (None, {'NASCDI_pos': 0, 'NASCDI_neg': None})
-4.755048         (None, {'NASCDI_pos': None, 'NASCDI_neg': 1})
-4.206361         (None, {'NASCDI_pos': None, 'NASCDI_neg': 0})
 1.796623      (None, {'NASCDI_pos': None, 'NASCDI_neg': None})
Name: AIC, Length: 448, dtype: object","BIC
-201.805772          (1, {'NASCDI_pos': 1, 'NASCDI_neg': 1})
-201.684397          (1, {'NASCDI_pos': 0, 'NASCDI_neg': 1})
-200.088976          (1, {'NASCDI_pos': 2, 'NASCDI_neg': 1})
-199.961513          (2, {'NASCDI_pos': 1, 'NASCDI_neg': 1})
-199.849781          (1, {'NASCDI_pos': 3, 'NASCDI_neg': 1})
                                   ...                      
 16.043310     (None, {'NASCDI_pos': None, 'NASCDI_neg': 6})
 16.058205        (None, {'NASCDI_pos': 6, 'NASCDI_neg': 5})
 16.531180     (None, {'NASCDI_pos': 6, 'NASCDI_neg': None})
 17.038712        (None, {'NASCDI_pos': 5, 'NASCDI_neg': 6})
 18.088549        (None, {'NASCDI_pos': 6, 'NASCDI_neg': 6})
Name: BIC, Length: 448, dtype: object","HQIC
-220.045018             (4, {'NASCDI_pos': 4, 'NASCDI_neg': 2})
-218.278303             (4, {'NASCDI_pos': 2, 'NASCDI_neg': 4})
-217.449806             (4, {'NASCDI_pos': 5, 'NASCDI_neg': 2})
-217.193730             (5, {'NASCDI_pos': 4, 'NASCDI_neg': 2})
-217.112911             (4, {'NASCDI_pos': 4, 'NASCDI_neg': 1})
                                     ...                       
-0.539109         (None, {'NASCDI_pos': 2, 'NASCDI_neg': None})
-0.389289         (None, {'NASCDI_pos': None, 'NASCDI_neg': 1})
 1.644138         (None, {'NASCDI_pos': None, 'NASCDI_neg': 6})
 2.132008         (None, {'NASCDI_pos': 6, 'NASCDI_neg': None})
 3.979503      (None, {'NASCDI_pos': None, 'NASCDI_neg': None})
Name: HQIC, Length: 448, dtype: object"
weekly_model_Shopian_Delicious_B_posneg.csv,[1],"{'NASCDI_pos': [0, 1, 2, 3, 4], 'NASCDI_neg': [0, 1, 2]}","AIC
-132.234323          (1, {'NASCDI_pos': 4, 'NASCDI_neg': 2})
-131.906276          (2, {'NASCDI_pos': 4, 'NASCDI_neg': 2})
-131.233385          (1, {'NASCDI_pos': 4, 'NASCDI_neg': 3})
-130.651894          (2, {'NASCDI_pos': 4, 'NASCDI_neg': 3})
-130.570378          (1, {'NASCDI_pos': 4, 'NASCDI_neg': 1})
                                   ...                      
 58.517163     (None, {'NASCDI_pos': None, 'NASCDI_neg': 5})
 59.018764     (None, {'NASCDI_pos': 5, 'NASCDI_neg': None})
 59.495427        (None, {'NASCDI_pos': 1, 'NASCDI_neg': 6})
 60.398474     (None, {'NASCDI_pos': None, 'NASCDI_neg': 6})
 60.873553     (None, {'NASCDI_pos': 6, 'NASCDI_neg': None})
Name: AIC, Length: 448, dtype: object","BIC
-109.573594       (1, {'NASCDI_pos': 1, 'NASCDI_neg': 1})
-108.884533       (1, {'NASCDI_pos': 0, 'NASCDI_neg': 1})
-108.169410    (1, {'NASCDI_pos': None, 'NASCDI_neg': 1})
-106.958437       (1, {'NASCDI_pos': 2, 'NASCDI_neg': 1})
-106.146914       (1, {'NASCDI_pos': 2, 'NASCDI_neg': 2})
                                  ...                    
 93.124136     (None, {'NASCDI_pos': 6, 'NASCDI_neg': 4})
 94.162107     (None, {'NASCDI_pos': 4, 'NASCDI_neg': 6})
 95.689339     (None, {'NASCDI_pos': 6, 'NASCDI_neg': 5})
 96.254480     (None, {'NASCDI_pos': 5, 'NASCDI_neg': 6})
 98.392538     (None, {'NASCDI_pos': 6, 'NASCDI_neg': 6})
Name: BIC, Length: 448, dtype: object","HQIC
-120.772950       (1, {'NASCDI_pos': 1, 'NASCDI_neg': 1})
-120.546086       (1, {'NASCDI_pos': 2, 'NASCDI_neg': 2})
-120.228484       (1, {'NASCDI_pos': 4, 'NASCDI_neg': 2})
-119.757701       (1, {'NASCDI_pos': 2, 'NASCDI_neg': 1})
-119.655979       (1, {'NASCDI_pos': 4, 'NASCDI_neg': 1})
                                  ...                    
 71.501265     (None, {'NASCDI_pos': 1, 'NASCDI_neg': 6})
 71.690719     (None, {'NASCDI_pos': 6, 'NASCDI_neg': 5})
 71.763395     (None, {'NASCDI_pos': 4, 'NASCDI_neg': 6})
 72.255860     (None, {'NASCDI_pos': 5, 'NASCDI_neg': 6})
 72.794010     (None, {'NASCDI_pos': 6, 'NASCDI_neg': 6})
Name: HQIC, Length: 448, dtype: object"
weekly_model_Sopore_American_A_posneg.csv,[1],"{'NASCDI_neg': [0, 1]}","AIC
-439.623073          (1, {'NASCDI_pos': None, 'NASCDI_neg': 1})
-437.949935          (1, {'NASCDI_pos': None, 'NASCDI_neg': 2})
-437.885535          (2, {'NASCDI_pos': None, 'NASCDI_neg': 1})
-437.627663             (1, {'NASCDI_pos': 0, 'NASCDI_neg': 1})
-436.085026          (2, {'NASCDI_pos': None, 'NASCDI_neg': 2})
                                     ...                       
-94.945013           (None, {'NASCDI_pos': 5, 'NASCDI_neg': 5})
-94.769633           (None, {'NASCDI_pos': 5, 'NASCDI_neg': 6})
-93.854809           (None, {'NASCDI_pos': 6, 'NASCDI_neg': 5})
-92.769642           (None, {'NASCDI_pos': 6, 'NASCDI_neg': 6})
 23.042025     (None, {'NASCDI_pos': None, 'NASCDI_neg': None})
Name: AIC, Length: 448, dtype: object","BIC
-423.156548          (1, {'NASCDI_pos': None, 'NASCDI_neg': 1})
-418.190106          (1, {'NASCDI_pos': None, 'NASCDI_neg': 2})
-418.125706          (2, {'NASCDI_pos': None, 'NASCDI_neg': 1})
-417.867834             (1, {'NASCDI_pos': 0, 'NASCDI_neg': 1})
-413.031892          (2, {'NASCDI_pos': None, 'NASCDI_neg': 2})
                                     ...                       
-48.838745           (None, {'NASCDI_pos': 5, 'NASCDI_neg': 5})
-45.370061           (None, {'NASCDI_pos': 5, 'NASCDI_neg': 6})
-44.455237           (None, {'NASCDI_pos': 6, 'NASCDI_neg': 5})
-40.076765           (None, {'NASCDI_pos': 6, 'NASCDI_neg': 6})
 29.628635     (None, {'NASCDI_pos': None, 'NASCDI_neg': None})
Name: BIC, Length: 448, dtype: object","HQIC
-432.958645          (1, {'NASCDI_pos': None, 'NASCDI_neg': 1})
-429.952622          (1, {'NASCDI_pos': None, 'NASCDI_neg': 2})
-429.888222          (2, {'NASCDI_pos': None, 'NASCDI_neg': 1})
-429.630350             (1, {'NASCDI_pos': 0, 'NASCDI_neg': 1})
-426.754827          (2, {'NASCDI_pos': None, 'NASCDI_neg': 2})
                                     ...                       
-76.284615           (None, {'NASCDI_pos': 5, 'NASCDI_neg': 5})
-74.776349           (None, {'NASCDI_pos': 5, 'NASCDI_neg': 6})
-73.861526           (None, {'NASCDI_pos': 6, 'NASCDI_neg': 5})
-71.443473           (None, {'NASCDI_pos': 6, 'NASCDI_neg': 6})
 25.707797     (None, {'NASCDI_pos': None, 'NASCDI_neg': None})
Name: HQIC, Length: 448, dtype: object"
weekly_model_Sopore_American_B_posneg.csv,[1],{'NASCDI_pos': [0]},"AIC
-316.909071          (1, {'NASCDI_pos': 0, 'NASCDI_neg': None})
-316.664026          (1, {'NASCDI_pos': None, 'NASCDI_neg': 0})
-316.068138          (1, {'NASCDI_pos': None, 'NASCDI_neg': 1})
-315.510860          (1, {'NASCDI_pos': 1, 'NASCDI_neg': None})
-315.187182             (1, {'NASCDI_pos': 0, 'NASCDI_neg': 0})
                                     ...                       
-41.579153        (None, {'NASCDI_pos': None, 'NASCDI_neg': 3})
-40.509053        (None, {'NASCDI_pos': None, 'NASCDI_neg': 4})
-39.546766        (None, {'NASCDI_pos': None, 'NASCDI_neg': 5})
-39.254652        (None, {'NASCDI_pos': None, 'NASCDI_neg': 6})
 73.214852     (None, {'NASCDI_pos': None, 'NASCDI_neg': None})
Name: AIC, Length: 448, dtype: object","BIC
-303.735852          (1, {'NASCDI_pos': 0, 'NASCDI_neg': None})
-303.490807          (1, {'NASCDI_pos': None, 'NASCDI_neg': 0})
-302.232258       (1, {'NASCDI_pos': None, 'NASCDI_neg': None})
-299.601614          (1, {'NASCDI_pos': None, 'NASCDI_neg': 1})
-299.044335          (1, {'NASCDI_pos': 1, 'NASCDI_neg': None})
                                     ...                       
-9.054627            (None, {'NASCDI_pos': 5, 'NASCDI_neg': 6})
-8.773221            (None, {'NASCDI_pos': 6, 'NASCDI_neg': 4})
-6.349188            (None, {'NASCDI_pos': 6, 'NASCDI_neg': 5})
-4.886386            (None, {'NASCDI_pos': 6, 'NASCDI_neg': 6})
 79.801462     (None, {'NASCDI_pos': None, 'NASCDI_neg': None})
Name: BIC, Length: 448, dtype: object","HQIC
-311.577529          (1, {'NASCDI_pos': 0, 'NASCDI_neg': None})
-311.332484          (1, {'NASCDI_pos': None, 'NASCDI_neg': 0})
-309.403710          (1, {'NASCDI_pos': None, 'NASCDI_neg': 1})
-308.846432          (1, {'NASCDI_pos': 1, 'NASCDI_neg': None})
-308.522755             (1, {'NASCDI_pos': 0, 'NASCDI_neg': 0})
                                     ...                       
-33.581839        (None, {'NASCDI_pos': None, 'NASCDI_neg': 3})
-31.178854        (None, {'NASCDI_pos': None, 'NASCDI_neg': 4})
-28.883682        (None, {'NASCDI_pos': None, 'NASCDI_neg': 5})
-27.258682        (None, {'NASCDI_pos': None, 'NASCDI_neg': 6})
 75.880624     (None, {'NASCDI_pos': None, 'NASCDI_neg': None})
Name: HQIC, Length: 448, dtype: object"
weekly_model_Sopore_Delicious_A_posneg.csv,[1],"{'NASCDI_pos': [0, 1], 'NASCDI_neg': [0]}","AIC
-518.533189             (1, {'NASCDI_pos': 1, 'NASCDI_neg': 0})
-518.368999             (1, {'NASCDI_pos': 1, 'NASCDI_neg': 1})
-517.755687             (1, {'NASCDI_pos': 1, 'NASCDI_neg': 2})
-517.375793          (1, {'NASCDI_pos': None, 'NASCDI_neg': 1})
-517.266385             (1, {'NASCDI_pos': 1, 'NASCDI_neg': 3})
                                     ...                       
-32.070310        (None, {'NASCDI_pos': None, 'NASCDI_neg': 4})
-31.202408        (None, {'NASCDI_pos': 6, 'NASCDI_neg': None})
-30.395489        (None, {'NASCDI_pos': None, 'NASCDI_neg': 5})
-28.735664        (None, {'NASCDI_pos': None, 'NASCDI_neg': 6})
 4.258711      (None, {'NASCDI_pos': None, 'NASCDI_neg': None})
Name: AIC, Length: 448, dtype: object","BIC
-503.160252       (1, {'NASCDI_pos': None, 'NASCDI_neg': None})
-500.077865          (1, {'NASCDI_pos': None, 'NASCDI_neg': 1})
-499.360393          (1, {'NASCDI_pos': 0, 'NASCDI_neg': None})
-499.203181          (1, {'NASCDI_pos': None, 'NASCDI_neg': 0})
-497.866943       (2, {'NASCDI_pos': None, 'NASCDI_neg': None})
                                     ...                       
 5.379838            (None, {'NASCDI_pos': 4, 'NASCDI_neg': 6})
 6.432127            (None, {'NASCDI_pos': 6, 'NASCDI_neg': 5})
 7.678423            (None, {'NASCDI_pos': 5, 'NASCDI_neg': 6})
 10.135712           (None, {'NASCDI_pos': 6, 'NASCDI_neg': 6})
 11.177882     (None, {'NASCDI_pos': None, 'NASCDI_neg': None})
Name: BIC, Length: 448, dtype: object","HQIC
-510.402064          (1, {'NASCDI_pos': None, 'NASCDI_neg': 1})
-510.164715             (1, {'NASCDI_pos': 1, 'NASCDI_neg': 0})
-509.354771       (1, {'NASCDI_pos': None, 'NASCDI_neg': None})
-508.605779             (1, {'NASCDI_pos': 1, 'NASCDI_neg': 1})
-508.260323             (1, {'NASCDI_pos': 0, 'NASCDI_neg': 1})
                                     ...                       
-21.740635        (None, {'NASCDI_pos': 5, 'NASCDI_neg': None})
-19.237523        (None, {'NASCDI_pos': None, 'NASCDI_neg': 5})
-18.649697        (None, {'NASCDI_pos': 6, 'NASCDI_neg': None})
-16.182952        (None, {'NASCDI_pos': None, 'NASCDI_neg': 6})
 7.048203      (None, {'NASCDI_pos': None, 'NASCDI_neg': None})
Name: HQIC, Length: 448, dtype: object"
weekly_model_Sopore_Delicious_B_posneg.csv,[1],"{'NASCDI_neg': [0, 1]}","AIC
-334.179263          (1, {'NASCDI_pos': None, 'NASCDI_neg': 1})
-333.796703          (1, {'NASCDI_pos': None, 'NASCDI_neg': 2})
-332.920346             (1, {'NASCDI_pos': 0, 'NASCDI_neg': 1})
-332.673718             (1, {'NASCDI_pos': 0, 'NASCDI_neg': 2})
-332.664563             (1, {'NASCDI_pos': 1, 'NASCDI_neg': 1})
                                     ...                       
 142.845311       (None, {'NASCDI_pos': 6, 'NASCDI_neg': None})
 142.941156       (None, {'NASCDI_pos': None, 'NASCDI_neg': 4})
 144.422342       (None, {'NASCDI_pos': None, 'NASCDI_neg': 5})
 146.060888       (None, {'NASCDI_pos': None, 'NASCDI_neg': 6})
 164.059077    (None, {'NASCDI_pos': None, 'NASCDI_neg': None})
Name: AIC, Length: 448, dtype: object","BIC
-320.031432       (1, {'NASCDI_pos': None, 'NASCDI_neg': None})
-316.881335          (1, {'NASCDI_pos': None, 'NASCDI_neg': 1})
-315.996844          (1, {'NASCDI_pos': 0, 'NASCDI_neg': None})
-315.885470          (1, {'NASCDI_pos': None, 'NASCDI_neg': 0})
-314.617815       (2, {'NASCDI_pos': None, 'NASCDI_neg': None})
                                     ...                       
 168.993472       (None, {'NASCDI_pos': 5, 'NASCDI_neg': None})
 170.978248    (None, {'NASCDI_pos': None, 'NASCDI_neg': None})
 172.099027       (None, {'NASCDI_pos': None, 'NASCDI_neg': 5})
 173.981580       (None, {'NASCDI_pos': 6, 'NASCDI_neg': None})
 177.197158       (None, {'NASCDI_pos': None, 'NASCDI_neg': 6})
Name: BIC, Length: 448, dtype: object","HQIC
-327.205534          (1, {'NASCDI_pos': None, 'NASCDI_neg': 1})
-326.225952       (1, {'NASCDI_pos': None, 'NASCDI_neg': None})
-325.428228          (1, {'NASCDI_pos': None, 'NASCDI_neg': 2})
-324.551871             (1, {'NASCDI_pos': 0, 'NASCDI_neg': 1})
-324.256203          (1, {'NASCDI_pos': 0, 'NASCDI_neg': None})
                                     ...                       
 152.704376       (None, {'NASCDI_pos': None, 'NASCDI_neg': 4})
 155.398022       (None, {'NASCDI_pos': 6, 'NASCDI_neg': None})
 155.580308       (None, {'NASCDI_pos': None, 'NASCDI_neg': 5})
 158.613600       (None, {'NASCDI_pos': None, 'NASCDI_neg': 6})
 166.848568    (None, {'NASCDI_pos': None, 'NASCDI_neg': None})
Name: HQIC, Length: 448, dtype: object"
weekly_prices_all_posneg.csv,[1],"{'NASCDI_pos': [0], 'NASCDI_neg': [0, 1, 2]}","AIC
-1715.713248             (1, {'NASCDI_pos': 0, 'NASCDI_neg': 2})
-1714.482851             (1, {'NASCDI_pos': 1, 'NASCDI_neg': 2})
-1714.190218          (1, {'NASCDI_pos': 2, 'NASCDI_neg': None})
-1713.879939             (1, {'NASCDI_pos': 2, 'NASCDI_neg': 0})
-1713.806757             (1, {'NASCDI_pos': 0, 'NASCDI_neg': 3})
                                      ...                       
 1147.990676       (None, {'NASCDI_pos': None, 'NASCDI_neg': 3})
 1149.167134       (None, {'NASCDI_pos': None, 'NASCDI_neg': 4})
 1150.969499       (None, {'NASCDI_pos': None, 'NASCDI_neg': 5})
 1152.825582       (None, {'NASCDI_pos': None, 'NASCDI_neg': 6})
 1266.525920    (None, {'NASCDI_pos': None, 'NASCDI_neg': None})
Name: AIC, Length: 448, dtype: object","BIC
-1683.309585          (1, {'NASCDI_pos': 2, 'NASCDI_neg': None})
-1681.501447          (1, {'NASCDI_pos': None, 'NASCDI_neg': 2})
-1679.685842             (1, {'NASCDI_pos': 0, 'NASCDI_neg': 2})
-1677.852534             (1, {'NASCDI_pos': 2, 'NASCDI_neg': 0})
-1676.205459          (1, {'NASCDI_pos': 3, 'NASCDI_neg': None})
                                      ...                       
 1186.110558       (None, {'NASCDI_pos': 5, 'NASCDI_neg': None})
 1192.143677       (None, {'NASCDI_pos': None, 'NASCDI_neg': 5})
 1193.098564       (None, {'NASCDI_pos': 6, 'NASCDI_neg': None})
 1199.146531       (None, {'NASCDI_pos': None, 'NASCDI_neg': 6})
 1276.819464    (None, {'NASCDI_pos': None, 'NASCDI_neg': None})
Name: BIC, Length: 448, dtype: object","HQIC
-1702.590289          (1, {'NASCDI_pos': 2, 'NASCDI_neg': None})
-1702.179996             (1, {'NASCDI_pos': 0, 'NASCDI_neg': 2})
-1700.782150          (1, {'NASCDI_pos': None, 'NASCDI_neg': 2})
-1700.346687             (1, {'NASCDI_pos': 2, 'NASCDI_neg': 0})
-1699.016278             (1, {'NASCDI_pos': 1, 'NASCDI_neg': 2})
                                      ...                       
 1162.700385       (None, {'NASCDI_pos': None, 'NASCDI_neg': 4})
 1164.177509       (None, {'NASCDI_pos': 6, 'NASCDI_neg': None})
 1166.436072       (None, {'NASCDI_pos': None, 'NASCDI_neg': 5})
 1170.225476       (None, {'NASCDI_pos': None, 'NASCDI_neg': 6})
 1270.392563    (None, {'NASCDI_pos': None, 'NASCDI_neg': None})
Name: HQIC, Length: 448, dtype: object"
