market,variety,grade,param,coef,se_OLS,p_OLS,t_HAC,se_HAC,p_HAC,n_obs,file
Shopian,American,A,const,0.2644058684154368,0.3524197658851216,0.4567611338405144,1.463683429896467,0.1806441632219198,0.14979888960603432,72,weekly_model_Shopian_American_A_posneg.csv
Shopian,American,A,dn_L0,0.10167354166084364,0.0235563691064137,7.89725816765924e-05,6.481613941143574,0.015686454420780423,4.589330536914096e-08,72,weekly_model_Shopian_American_A_posneg.csv
Shopian,American,A,dn_L1,0.0043906976301793105,0.05064454801988444,0.9312735302954839,0.10415691722968258,0.04215464269643392,0.9174788206541895,72,weekly_model_Shopian_American_A_posneg.csv
Shopian,American,A,dn_L2,0.015372865195062339,0.04115567056391491,0.710398983616088,0.4472477929393609,0.03437214322295523,0.6567079312912749,72,weekly_model_Shopian_American_A_posneg.csv
Shopian,American,A,dn_L3,0.005459176757631174,0.030858999790050853,0.8603257100915872,0.36241398140661346,0.015063372379958499,0.7186335558903352,72,weekly_model_Shopian_American_A_posneg.csv
Shopian,American,A,dn_L4,0.0019148486441097163,0.014486485777390508,0.8953930973106856,0.5641376585737998,0.0033942932456426647,0.5752870985300466,72,weekly_model_Shopian_American_A_posneg.csv
Shopian,American,A,dp_L0,-0.09841727476889763,0.023181399608974845,9.933756718691087e-05,-6.326685849501655,0.015555897212226813,7.930964627311635e-08,72,weekly_model_Shopian_American_A_posneg.csv
Shopian,American,A,dp_L1,-0.0048334309084035534,0.050717225985914605,0.9244720582519115,-0.11389101901628584,0.042439087385041284,0.9097992326246009,72,weekly_model_Shopian_American_A_posneg.csv
Shopian,American,A,dp_L2,-0.015270726542392825,0.04121808976125016,0.7126503291130837,-0.4419104241800862,0.034556158232125656,0.6605386617751379,72,weekly_model_Shopian_American_A_posneg.csv
Shopian,American,A,dp_L3,-0.006143678977393579,0.030847660092075103,0.8429773551157758,-0.40328147599990843,0.015234220620128294,0.6885319999311021,72,weekly_model_Shopian_American_A_posneg.csv
Shopian,American,A,dp_L4,-0.002390856334833393,0.014461493922771474,0.8693819856681386,-0.7270850808347727,0.0032882758811230593,0.4707052745791537,72,weekly_model_Shopian_American_A_posneg.csv
Shopian,American,A,dx_L0,0.4598975534406507,0.11098387960462684,0.00013786933517129566,4.3922445216067985,0.10470672822933093,6.159653935637709e-05,72,weekly_model_Shopian_American_A_posneg.csv
Shopian,American,A,dx_L1,-0.17140803045312084,0.12626735985377427,0.18097057871957803,-1.454835595404823,0.11781951926012972,0.15222355966705026,72,weekly_model_Shopian_American_A_posneg.csv
Shopian,American,A,dx_L2,0.04664200620864106,0.12892948994068298,0.7191163616136698,0.5936882961075615,0.07856312228899102,0.5555082042848059,72,weekly_model_Shopian_American_A_posneg.csv
Shopian,American,A,dx_L3,-0.0411078750374194,0.12705342622291615,0.7476857919393833,-0.3439473700428489,0.11951792226903257,0.7323880744756305,72,weekly_model_Shopian_American_A_posneg.csv
Shopian,American,A,dx_L4,-0.021126238968274466,0.12972206741628006,0.8713141809683643,-0.2841486133684944,0.07434925941685727,0.7775186909568681,72,weekly_model_Shopian_American_A_posneg.csv
Shopian,American,A,dy_L1,-0.09372619946818084,0.14960441287739087,0.5339595821904061,-0.8737532832791722,0.10726849473621314,0.3866032179277784,72,weekly_model_Shopian_American_A_posneg.csv
Shopian,American,A,dy_L2,-0.09913004316591692,0.1508293644893631,0.5141703458461944,-1.1765352476751327,0.08425590594230026,0.2451829128250031,72,weekly_model_Shopian_American_A_posneg.csv
Shopian,American,A,dy_L3,0.11899471854529525,0.15822978898621606,0.45570059775269933,0.8779169392467988,0.13554211477840458,0.3843621430118208,72,weekly_model_Shopian_American_A_posneg.csv
Shopian,American,A,dy_L4,0.010326345176775342,0.1599981824339894,0.9488079912762933,0.0716206370703461,0.14418114106738203,0.9432014070887376,72,weekly_model_Shopian_American_A_posneg.csv
Shopian,American,A,n_L1,0.07623264838882285,0.0643573924101701,0.2420392623452871,1.5230808170766337,0.050051610875870685,0.1343001456076131,72,weekly_model_Shopian_American_A_posneg.csv
Shopian,American,A,p_L1,-0.07622231745234287,0.06440110402369442,0.24241736956372792,-1.5219188436247586,0.05008303680030924,0.13459058868614276,72,weekly_model_Shopian_American_A_posneg.csv
Shopian,American,A,x_L1,0.05245881110384027,0.06657015193955321,0.43455771156977585,1.282136273095537,0.04091516027168148,0.20595285747172867,72,weekly_model_Shopian_American_A_posneg.csv
Shopian,American,A,y_L1,-0.11624726400592522,0.08249621380220094,0.1652447437022917,-2.7711008909167605,0.041949849024611754,0.007924733929905217,72,weekly_model_Shopian_American_A_posneg.csv
Shopian,American,B,const,0.23471536984883218,0.313432703486863,0.457599233230502,1.319813954605845,0.17783973947974252,0.19315733773075017,72,weekly_model_Shopian_American_B_posneg.csv
Shopian,American,B,dn_L0,0.09155870368309313,0.022655519012100465,0.0001912316737065432,4.528453562273534,0.020218536510094098,3.932830741365603e-05,72,weekly_model_Shopian_American_B_posneg.csv
Shopian,American,B,dn_L1,-0.01867492589799152,0.04860141323438911,0.7024927546835467,-0.4752761462464087,0.039292790192566145,0.636745862333827,72,weekly_model_Shopian_American_B_posneg.csv
Shopian,American,B,dn_L2,0.009030274975021953,0.03901390417010045,0.8179390223285806,0.27531793527088266,0.03279944318243253,0.7842537159250637,72,weekly_model_Shopian_American_B_posneg.csv
Shopian,American,B,dn_L3,0.001946249335253357,0.02934576006501215,0.9473974875757482,0.08266501113197144,0.023543810236065246,0.9344616762717124,72,weekly_model_Shopian_American_B_posneg.csv
Shopian,American,B,dn_L4,-0.007405839293723667,0.015964291986274498,0.6448162059341386,-1.834423994984642,0.004037146981271181,0.07279331743496324,72,weekly_model_Shopian_American_B_posneg.csv
Shopian,American,B,dp_L0,-0.08967204252178296,0.022388864261194186,0.00021444933412564777,-4.548850859547008,0.019713119926449477,3.675852696459474e-05,72,weekly_model_Shopian_American_B_posneg.csv
Shopian,American,B,dp_L1,0.018422626945990447,0.04860701676530139,0.7063506409709135,0.4715939062653246,0.039064599226661015,0.6393533381504918,72,weekly_model_Shopian_American_B_posneg.csv
Shopian,American,B,dp_L2,-0.008006863284449313,0.03906739292007466,0.838477809439564,-0.2430996588391067,0.032936546775446454,0.8089640890269517,72,weekly_model_Shopian_American_B_posneg.csv
Shopian,American,B,dp_L3,-0.002908243194910608,0.02937294269336916,0.9215419148318005,-0.12229000367518289,0.023781528395691733,0.9031799192477439,72,weekly_model_Shopian_American_B_posneg.csv
Shopian,American,B,dp_L4,0.00683931986651386,0.015950632306475622,0.6700012248167355,1.685017557751637,0.0040589012470824,0.09847708739181955,72,weekly_model_Shopian_American_B_posneg.csv
Shopian,American,B,dx_L0,0.2716896357423733,0.08912074739870171,0.003734139421174668,2.4816434020428564,0.10947972441113898,0.016631175076805258,72,weekly_model_Shopian_American_B_posneg.csv
Shopian,American,B,dx_L1,-0.10292502560832482,0.09802085600003028,0.2989615357141244,-1.415440879403678,0.07271587750926546,0.16339505832000553,72,weekly_model_Shopian_American_B_posneg.csv
Shopian,American,B,dx_L2,0.05376901148886243,0.09369036044807619,0.5687142642563112,1.175560437356475,0.04573904478256748,0.2455686945358418,72,weekly_model_Shopian_American_B_posneg.csv
Shopian,American,B,dx_L3,0.007094432028466524,0.09082372385310027,0.9380635991879862,0.15070093934623457,0.047076229645570455,0.8808431660932987,72,weekly_model_Shopian_American_B_posneg.csv
Shopian,American,B,dx_L4,-0.055969923513564945,0.08741076105657976,0.5250165126173771,-0.7042128857751931,0.07947869833701439,0.4847028708187908,72,weekly_model_Shopian_American_B_posneg.csv
Shopian,American,B,dy_L1,-0.016460462680141966,0.1559289518024011,0.9163683200703471,-0.1496802554155816,0.10997083506064383,0.8816440515808001,72,weekly_model_Shopian_American_B_posneg.csv
Shopian,American,B,dy_L2,-0.11516956307510456,0.1535091190633682,0.45676864814502083,-1.3897652407873877,0.0828697967793855,0.17101266416957955,72,weekly_model_Shopian_American_B_posneg.csv
Shopian,American,B,dy_L3,0.09706360874142407,0.16314960765513276,0.5546805429578723,0.766113224686955,0.1266961665895869,0.4473602249348644,72,weekly_model_Shopian_American_B_posneg.csv
Shopian,American,B,dy_L4,0.09695071939598908,0.16122602051581178,0.5504469505160814,0.6125779757514457,0.15826674029058949,0.543046838690451,72,weekly_model_Shopian_American_B_posneg.csv
Shopian,American,B,n_L1,0.10638477987420542,0.05897662224702073,0.07753280593039512,2.666039032074215,0.039903684302564996,0.010427212483696982,72,weekly_model_Shopian_American_B_posneg.csv
Shopian,American,B,p_L1,-0.10636402649455828,0.05901955458130922,0.07779796775435863,-2.6636306323192076,0.03993197300105674,0.010492276946430066,72,weekly_model_Shopian_American_B_posneg.csv
Shopian,American,B,x_L1,0.053508724498239006,0.061762129445269424,0.3905985799232077,1.0385038721342057,0.05152481943882832,0.304238780480328,72,weekly_model_Shopian_American_B_posneg.csv
Shopian,American,B,y_L1,-0.11554011664951332,0.08272206142548442,0.16892066048807644,-2.5593154818679498,0.045144929364153596,0.013694193646054604,72,weekly_model_Shopian_American_B_posneg.csv
Shopian,Delicious,A,const,0.136370224291785,0.22079435452509757,0.5384483132300186,0.8616072784001861,0.15827422505644834,0.39129970431323635,110,weekly_model_Shopian_Delicious_A_posneg.csv
Shopian,Delicious,A,dn_L0,0.0063295980163286065,0.0021198252594127327,0.0036819543766012488,2.083034924116682,0.0030386422920934434,0.040217538227975136,110,weekly_model_Shopian_Delicious_A_posneg.csv
Shopian,Delicious,A,dn_L1,-0.001441703583518725,0.002833245604589119,0.6121587740362286,-1.2503978563175107,0.0011529958854573055,0.2145457987018441,110,weekly_model_Shopian_Delicious_A_posneg.csv
Shopian,Delicious,A,dn_L2,-0.0016897269415825336,0.0021049956056852885,0.4243481018468771,-1.3000868833801826,0.0012997030915266985,0.1970448224545239,110,weekly_model_Shopian_Delicious_A_posneg.csv
Shopian,Delicious,A,dn_L3,0.0006542619229278782,0.002156500142413698,0.7623249313479531,0.5228533174457655,0.0012513297728014195,0.6024207974288012,110,weekly_model_Shopian_Delicious_A_posneg.csv
Shopian,Delicious,A,dn_L4,-6.482375553234575e-05,0.0021519405475506842,0.976038440243357,-0.08054874292158302,0.0008047767498426873,0.9359879837986862,110,weekly_model_Shopian_Delicious_A_posneg.csv
Shopian,Delicious,A,dp_L0,-0.004470811258159539,0.0019083573369909244,0.021450844088791093,-1.670387447811684,0.0026765115267218943,0.0984785447610334,110,weekly_model_Shopian_Delicious_A_posneg.csv
Shopian,Delicious,A,dp_L1,0.0017193458468283238,0.0027341224585636964,0.5311157221321356,1.5625085537018482,0.0011003753181093963,0.12184076240215765,110,weekly_model_Shopian_Delicious_A_posneg.csv
Shopian,Delicious,A,dp_L2,0.0038339806959627127,0.002057136259139928,0.06576977213199423,2.848676287182461,0.001345881493525116,0.005491641261379885,110,weekly_model_Shopian_Delicious_A_posneg.csv
Shopian,Delicious,A,dp_L3,-0.0007336768717499369,0.002178331783181706,0.7370831102981236,-0.5459185086225092,0.0013439311182198049,0.5865353182833151,110,weekly_model_Shopian_Delicious_A_posneg.csv
Shopian,Delicious,A,dp_L4,0.000684961671583277,0.002184842986356771,0.7546552831414287,0.8662320285547164,0.0007907369492283912,0.38877320481483835,110,weekly_model_Shopian_Delicious_A_posneg.csv
Shopian,Delicious,A,dx_L0,0.6619659058726843,0.12003552889064763,3.6087498150265465e-07,3.307441325239391,0.2001444139979631,0.0013755949102192606,110,weekly_model_Shopian_Delicious_A_posneg.csv
Shopian,Delicious,A,dx_L1,0.061572967273105725,0.1354493759320976,0.6505547161609533,0.6524248064719156,0.09437557656041733,0.515867288773884,110,weekly_model_Shopian_Delicious_A_posneg.csv
Shopian,Delicious,A,dx_L2,0.05886098757277187,0.1232230810422837,0.6340910862134326,0.5578668646903624,0.10551081503190189,0.5783846502587553,110,weekly_model_Shopian_Delicious_A_posneg.csv
Shopian,Delicious,A,dx_L3,-0.049403578700031446,0.12001210672659497,0.6816165046241268,-0.6362445167896996,0.0776487300029039,0.526306793930668,110,weekly_model_Shopian_Delicious_A_posneg.csv
Shopian,Delicious,A,dx_L4,0.020000825576372935,0.12029265380824956,0.8683362855643462,0.28468254505080826,0.07025659255927799,0.7765717596035149,110,weekly_model_Shopian_Delicious_A_posneg.csv
Shopian,Delicious,A,dy_L1,-0.027011116842739855,0.11819118952276633,0.819770974485079,-0.30298124750270833,0.08915111765291152,0.7626358295334628,110,weekly_model_Shopian_Delicious_A_posneg.csv
Shopian,Delicious,A,dy_L2,-0.06656614580896608,0.10789050223527102,0.5388787804026245,-1.1166784038079367,0.0596108472967434,0.26724205196865475,110,weekly_model_Shopian_Delicious_A_posneg.csv
Shopian,Delicious,A,dy_L3,-0.18619333343576977,0.1056495802431743,0.08156034785415262,-2.0845579292520333,0.0893202970389882,0.04007536548255724,110,weekly_model_Shopian_Delicious_A_posneg.csv
Shopian,Delicious,A,dy_L4,-0.14041036304561225,0.10170728555706414,0.1709999588634693,-2.1844824235034466,0.06427626129416221,0.03164785912217771,110,weekly_model_Shopian_Delicious_A_posneg.csv
Shopian,Delicious,A,n_L1,0.0039384813156771665,0.0025607316328839285,0.12771268454437365,2.0895301618510134,0.0018848645439931131,0.03961422271078753,110,weekly_model_Shopian_Delicious_A_posneg.csv
Shopian,Delicious,A,p_L1,-0.0039187162337671185,0.002573178510715555,0.13145031937784138,-2.0611182939663033,0.0019012573151374807,0.04231215008818545,110,weekly_model_Shopian_Delicious_A_posneg.csv
Shopian,Delicious,A,x_L1,0.22183050608403615,0.07924079835997785,0.006319082739518535,2.7013074044993917,0.08211968238585048,0.008318318925872136,110,weekly_model_Shopian_Delicious_A_posneg.csv
Shopian,Delicious,A,y_L1,-0.24802445479891874,0.09574211208470047,0.011254137115500492,-3.037051932593629,0.08166618823245046,0.0031621913364559082,110,weekly_model_Shopian_Delicious_A_posneg.csv
Shopian,Delicious,B,const,-0.10205475819017587,0.18790589631750015,0.5884546712690104,-0.6305048318388452,0.16186197636667868,0.5300362521054496,110,weekly_model_Shopian_Delicious_B_posneg.csv
Shopian,Delicious,B,dn_L0,0.01186220675445305,0.002625041619392566,1.970327107104426e-05,3.2898398282934025,0.003605709509756451,0.0014542215440289461,110,weekly_model_Shopian_Delicious_B_posneg.csv
Shopian,Delicious,B,dn_L1,-0.0031518370689373795,0.003708870259399773,0.3977900414059343,-1.4154045917137505,0.0022268099788493568,0.16056106606509837,110,weekly_model_Shopian_Delicious_B_posneg.csv
Shopian,Delicious,B,dn_L2,-0.0029385744647675493,0.002708722872199215,0.281017231817979,-1.6485152036365958,0.0017825583035480082,0.10289567753508898,110,weekly_model_Shopian_Delicious_B_posneg.csv
Shopian,Delicious,B,dn_L3,0.0019078176696138982,0.002813741244952478,0.4995691812607487,1.15238090665228,0.0016555443244510159,0.2523578414552422,110,weekly_model_Shopian_Delicious_B_posneg.csv
Shopian,Delicious,B,dn_L4,-0.0006926975537875155,0.0028247703966216226,0.8068682938468711,-0.9418189525473893,0.0007354890787809466,0.34892347608380303,110,weekly_model_Shopian_Delicious_B_posneg.csv
Shopian,Delicious,B,dp_L0,-0.007329516846910256,0.0023721962598313483,0.002698406997846102,-2.123304258388143,0.0034519390322677013,0.036601530446939944,110,weekly_model_Shopian_Delicious_B_posneg.csv
Shopian,Delicious,B,dp_L1,0.0031191755880665304,0.003467097576577147,0.3708185659689869,1.552383800164552,0.0020092812020686504,0.12424288635018353,110,weekly_model_Shopian_Delicious_B_posneg.csv
Shopian,Delicious,B,dp_L2,0.004581623553442188,0.0025791608429385844,0.07920338572380475,2.9596164811527426,0.0015480463710817317,0.003978863258616314,110,weekly_model_Shopian_Delicious_B_posneg.csv
Shopian,Delicious,B,dp_L3,-0.0032285972922671364,0.002789381378511268,0.25028911653849734,-2.0357581331233683,0.0015859434574939661,0.044852421614491086,110,weekly_model_Shopian_Delicious_B_posneg.csv
Shopian,Delicious,B,dp_L4,0.001413175895359288,0.002835964427759709,0.6195409372689737,1.5651085251319292,0.0009029251790959134,0.12122991202895475,110,weekly_model_Shopian_Delicious_B_posneg.csv
Shopian,Delicious,B,dx_L0,0.7346033954770356,0.09656423731460151,3.269627012111617e-11,5.165265325546566,0.1422198762653694,1.5331904726430045e-06,110,weekly_model_Shopian_Delicious_B_posneg.csv
Shopian,Delicious,B,dx_L1,0.08004535409415596,0.13064585296125306,0.5416983939325262,0.7174063551656766,0.11157603151657391,0.47506752435043575,110,weekly_model_Shopian_Delicious_B_posneg.csv
Shopian,Delicious,B,dx_L2,-0.021843759340057292,0.12182332549240235,0.8581185309191144,-0.1897329103485201,0.11512899528043144,0.8499655353421344,110,weekly_model_Shopian_Delicious_B_posneg.csv
Shopian,Delicious,B,dx_L3,-0.09344123260079881,0.11973029126583411,0.43728003896624634,-0.8463117840457584,0.11040993917644261,0.3997276196446845,110,weekly_model_Shopian_Delicious_B_posneg.csv
Shopian,Delicious,B,dx_L4,-0.005961291533778883,0.11828881253796451,0.9599236319103737,-0.08137618078368403,0.07325597584415175,0.9353318791661802,110,weekly_model_Shopian_Delicious_B_posneg.csv
Shopian,Delicious,B,dy_L1,-0.11225103369701324,0.11886668041578519,0.3476394628992191,-0.9231799088971605,0.12159172076340936,0.35849635734274354,110,weekly_model_Shopian_Delicious_B_posneg.csv
Shopian,Delicious,B,dy_L2,-0.11429712367613963,0.11449408878638638,0.3209443494885555,-1.7340049335760266,0.06591510869604358,0.0865005648686741,110,weekly_model_Shopian_Delicious_B_posneg.csv
Shopian,Delicious,B,dy_L3,0.010108134703800611,0.11020433950075731,0.92713243232094,0.08584707919380814,0.11774581964495859,0.9317875308142823,110,weekly_model_Shopian_Delicious_B_posneg.csv
Shopian,Delicious,B,dy_L4,-0.08565379153141389,0.1050648965496992,0.41718327821097745,-1.5848294930448796,0.05404606104777249,0.11667558988394032,110,weekly_model_Shopian_Delicious_B_posneg.csv
Shopian,Delicious,B,n_L1,0.0038954367991487254,0.0030454852645766025,0.20430740461095034,1.6547189203319506,0.002354138066160063,0.10162683549364267,110,weekly_model_Shopian_Delicious_B_posneg.csv
Shopian,Delicious,B,p_L1,-0.0038087225723822723,0.003051244338843057,0.2153264142990183,-1.602939913953556,0.0023760856780890086,0.11261462840996188,110,weekly_model_Shopian_Delicious_B_posneg.csv
Shopian,Delicious,B,x_L1,0.11759569146602616,0.06858355781912127,0.09001402161017803,2.576738699806159,0.04563741425347963,0.01167935018665722,110,weekly_model_Shopian_Delicious_B_posneg.csv
Shopian,Delicious,B,y_L1,-0.09821854906839228,0.0764009308777136,0.2020450751159863,-1.6747937776242572,0.058645160007531255,0.09760759503162104,110,weekly_model_Shopian_Delicious_B_posneg.csv
Sopore,American,A,const,1.2376995321773927,0.27055229468129915,8.971548772614923e-06,3.0334094152618705,0.40802257880199255,0.002784177749549707,200,weekly_model_Sopore_American_A_posneg.csv
Sopore,American,A,dn_L0,0.002337918013265489,0.0013364119503944476,0.08196509755061349,2.8035444047857534,0.0008339151002119235,0.005621872365607371,200,weekly_model_Sopore_American_A_posneg.csv
Sopore,American,A,dn_L1,-0.0005287388949438956,0.0014954937415931377,0.724095747643573,-0.546427728859519,0.0009676282278856113,0.5854639962059249,200,weekly_model_Sopore_American_A_posneg.csv
Sopore,American,A,dn_L2,-4.618804449346422e-05,0.0014317956488075375,0.9743021990716261,-0.05402404769202925,0.0008549534229046455,0.9569772787677879,200,weekly_model_Sopore_American_A_posneg.csv
Sopore,American,A,dn_L3,0.00010342986762615922,0.0013952228503023886,0.9409899920062677,0.04287197358764171,0.002412528721466976,0.9658521891295688,200,weekly_model_Sopore_American_A_posneg.csv
Sopore,American,A,dn_L4,0.00010448054422563945,0.001268497576570589,0.9344496001842877,0.13123921822866186,0.0007961076394374737,0.8957359696109521,200,weekly_model_Sopore_American_A_posneg.csv
Sopore,American,A,dp_L0,-0.0015602748565620834,0.001131678862505577,0.16972912718465427,-1.4615153585856677,0.001067573356240325,0.1456571767889874,200,weekly_model_Sopore_American_A_posneg.csv
Sopore,American,A,dp_L1,0.0004680230507890569,0.0016312145452671146,0.774513435415228,0.4244994455589542,0.0011025292392850916,0.6717200633390421,200,weekly_model_Sopore_American_A_posneg.csv
Sopore,American,A,dp_L2,3.2745071592807677e-06,0.0015076889577409517,0.998269558124957,0.003445769751759579,0.0009502977259605473,0.9972545814787231,200,weekly_model_Sopore_American_A_posneg.csv
Sopore,American,A,dp_L3,-0.0005851032437801177,0.001405249370402361,0.6776468174111857,-0.3051558451735817,0.0019173915657663175,0.7606080407018426,200,weekly_model_Sopore_American_A_posneg.csv
Sopore,American,A,dp_L4,0.0001703563864477419,0.0012912697370583016,0.8951908663388028,0.18180825978160461,0.0009370112592925142,0.8559424247316525,200,weekly_model_Sopore_American_A_posneg.csv
Sopore,American,A,dx_L0,0.3671830880968859,0.10823827195368471,0.0008558430937208107,2.2271572831491473,0.16486625838014357,0.027204686647362055,200,weekly_model_Sopore_American_A_posneg.csv
Sopore,American,A,dx_L1,-0.002585611257850673,0.11292923793382846,0.9817592856104491,-0.02600785559042408,0.09941654931376494,0.9792805378113636,200,weekly_model_Sopore_American_A_posneg.csv
Sopore,American,A,dx_L2,0.0961790546734572,0.11241193684580676,0.3933852939121525,1.0776418184613399,0.08924955678759937,0.28266844947893005,200,weekly_model_Sopore_American_A_posneg.csv
Sopore,American,A,dx_L3,0.050354089387707524,0.11242511093627966,0.6547833664438175,0.5392263609146407,0.09338209894319048,0.590412146694681,200,weekly_model_Sopore_American_A_posneg.csv
Sopore,American,A,dx_L4,0.022159711703891114,0.10977205976578651,0.8402513111402815,0.2961127860609796,0.07483537606960235,0.7674930536300468,200,weekly_model_Sopore_American_A_posneg.csv
Sopore,American,A,dy_L1,0.14519095531852105,0.08119052983787892,0.07545196962616757,1.4020047951095664,0.10355952834467617,0.16267501783887003,200,weekly_model_Sopore_American_A_posneg.csv
Sopore,American,A,dy_L2,0.05394781403515781,0.07942198500491011,0.4978683498569133,0.6108016955248784,0.08832296051306636,0.5421188643633243,200,weekly_model_Sopore_American_A_posneg.csv
Sopore,American,A,dy_L3,0.09095300182354281,0.07627262980702,0.2346813355585561,1.0198954471353283,0.08917875070333008,0.30917793765691465,200,weekly_model_Sopore_American_A_posneg.csv
Sopore,American,A,dy_L4,0.1825138489591121,0.07488677664951048,0.015796659854024942,2.2320292677556397,0.08177036546775852,0.026874706172531203,200,weekly_model_Sopore_American_A_posneg.csv
Sopore,American,A,n_L1,0.0007041559786109947,0.0016736866156922543,0.6744717136794627,0.9896750557571025,0.0007115021991458748,0.32369161633098975,200,weekly_model_Sopore_American_A_posneg.csv
Sopore,American,A,p_L1,-0.0004810521435667507,0.0016746361138260271,0.7742529258139903,-0.6409269265386044,0.0007505569256775108,0.5224038323877922,200,weekly_model_Sopore_American_A_posneg.csv
Sopore,American,A,x_L1,0.014693093586493691,0.053118210836375315,0.7824032149219964,0.23315584999174582,0.0630183355339952,0.8159113292352758,200,weekly_model_Sopore_American_A_posneg.csv
Sopore,American,A,y_L1,-0.3618612563816089,0.06509775645717926,9.926720594416329e-08,-3.301092552595904,0.10961863401771314,0.0011660870465271466,200,weekly_model_Sopore_American_A_posneg.csv
Sopore,American,B,const,0.8458689591406419,0.2267370483691418,0.0002574793734896174,2.875738384270294,0.2941397464273432,0.004528764809767611,200,weekly_model_Sopore_American_B_posneg.csv
Sopore,American,B,dn_L0,0.0036034471276060313,0.0014521965958204544,0.014026088570818473,2.8991382998524173,0.001242937298917222,0.0042185190333348015,200,weekly_model_Sopore_American_B_posneg.csv
Sopore,American,B,dn_L1,-0.000740377639934738,0.0016963231447393713,0.6630377739027153,-0.6017247934500899,0.0012304256829599107,0.5481316609528105,200,weekly_model_Sopore_American_B_posneg.csv
Sopore,American,B,dn_L2,0.0008846504417357044,0.0016146828372149442,0.5844693255985779,0.7983976948530361,0.0011080323095102938,0.42571574471004614,200,weekly_model_Sopore_American_B_posneg.csv
Sopore,American,B,dn_L3,-0.0010331873365300474,0.0015583021561588382,0.5081844038480257,-0.3894649813608549,0.0026528375745616985,0.6974030579887829,200,weekly_model_Sopore_American_B_posneg.csv
Sopore,American,B,dn_L4,-0.00041734898401159503,0.0013831233794392474,0.7632035749208216,-0.44818953558481844,0.0009311885951710559,0.6545676537797467,200,weekly_model_Sopore_American_B_posneg.csv
Sopore,American,B,dp_L0,-0.001940307841958692,0.001267705010803768,0.127671765790129,-1.3372787766647765,0.0014509374378900207,0.18285737128884128,200,weekly_model_Sopore_American_B_posneg.csv
Sopore,American,B,dp_L1,0.0010125305139920744,0.001873800413410757,0.5896305555637074,0.7193897315111116,0.0014074853582705536,0.4728549553909782,200,weekly_model_Sopore_American_B_posneg.csv
Sopore,American,B,dp_L2,-0.0005207506097972483,0.0017180733546647592,0.7621704793344797,-0.4450307601463695,0.0011701452044033424,0.6568443653979947,200,weekly_model_Sopore_American_B_posneg.csv
Sopore,American,B,dp_L3,0.0006766747405142818,0.0015782977247713278,0.66863886419697,0.32559468363348043,0.0020782733088971737,0.7451177999350656,200,weekly_model_Sopore_American_B_posneg.csv
Sopore,American,B,dp_L4,0.00024256735753391207,0.001429097844828121,0.865413797962889,0.19827837884377594,0.0012233676659472363,0.8430561076848944,200,weekly_model_Sopore_American_B_posneg.csv
Sopore,American,B,dx_L0,0.3089265373047598,0.08823315070032037,0.0005868423171995642,1.9480144957007737,0.1585853380385793,0.05300384835648688,200,weekly_model_Sopore_American_B_posneg.csv
Sopore,American,B,dx_L1,0.029997074698603632,0.09464348911638337,0.7516586244408678,0.3260447481263862,0.09200293785126615,0.7447778445647617,200,weekly_model_Sopore_American_B_posneg.csv
Sopore,American,B,dx_L2,0.10006331658748771,0.09300399016394922,0.2834430691889802,1.2363061648096618,0.08093732720559003,0.21799213057931183,200,weekly_model_Sopore_American_B_posneg.csv
Sopore,American,B,dx_L3,0.13383221786387803,0.09162133802017708,0.1458778902253378,2.293186987884183,0.05836079594510468,0.023019789383818025,200,weekly_model_Sopore_American_B_posneg.csv
Sopore,American,B,dx_L4,0.01204842205438627,0.09053369295080031,0.8942804185301034,0.19081285639341877,0.06314261146819573,0.8488921442448939,200,weekly_model_Sopore_American_B_posneg.csv
Sopore,American,B,dy_L1,0.08503764872279282,0.08010349005850721,0.28987309265992245,1.2796923370591773,0.06645163549093003,0.20233768453548914,200,weekly_model_Sopore_American_B_posneg.csv
Sopore,American,B,dy_L2,0.012536418229730745,0.07908949769978875,0.8742372498646624,0.14689120370883232,0.08534492136493366,0.8833860205117491,200,weekly_model_Sopore_American_B_posneg.csv
Sopore,American,B,dy_L3,0.03105900144641515,0.07727126772816724,0.6882102707927127,0.3302008166038986,0.09406094680762955,0.7416409431158943,200,weekly_model_Sopore_American_B_posneg.csv
Sopore,American,B,dy_L4,0.11552871441540774,0.07659564321467807,0.13327239720518463,2.052954203008388,0.05627437487212943,0.04155697097854924,200,weekly_model_Sopore_American_B_posneg.csv
Sopore,American,B,n_L1,0.0021053812543467636,0.0019970525597505927,0.2932162059746077,1.718893756446329,0.00122484664712464,0.0873920030268527,200,weekly_model_Sopore_American_B_posneg.csv
Sopore,American,B,p_L1,-0.0019207905444132188,0.00201348254899875,0.34141006782010075,-1.5073624475748189,0.0012742725198598124,0.13351062901477162,200,weekly_model_Sopore_American_B_posneg.csv
Sopore,American,B,x_L1,0.012428580533549826,0.05719304739973392,0.8282190325946532,0.17363918579815268,0.07157704913450505,0.8623485838211911,200,weekly_model_Sopore_American_B_posneg.csv
Sopore,American,B,y_L1,-0.28065194812986116,0.0591069104793236,4.2371665334639245e-06,-3.714236924497976,0.07556113243039676,0.00027343462622127625,200,weekly_model_Sopore_American_B_posneg.csv
Sopore,Delicious,A,const,0.2896441946927286,0.1305791603804738,0.02760565061590748,2.0061189499104235,0.14438036922270323,0.04611433209481666,236,weekly_model_Sopore_Delicious_A_posneg.csv
Sopore,Delicious,A,dn_L0,0.0010883485736824683,0.0008856028738514593,0.22045844835750747,0.625465406037542,0.0017400619813290569,0.5323383592171789,236,weekly_model_Sopore_Delicious_A_posneg.csv
Sopore,Delicious,A,dn_L1,-0.0011433645585857827,0.0010451920444132247,0.2752280558480508,-1.7103371372666223,0.0006685024453208403,0.08866648196253017,236,weekly_model_Sopore_Delicious_A_posneg.csv
Sopore,Delicious,A,dn_L2,-0.0007453237900516267,0.0009830923242523416,0.44920780642898117,-1.0408047070175819,0.0007161034005960124,0.29915170192101037,236,weekly_model_Sopore_Delicious_A_posneg.csv
Sopore,Delicious,A,dn_L3,-0.00037446121018511576,0.000896023406414266,0.6764325797810631,-0.6382203219656362,0.0005867271807200115,0.5240190731387724,236,weekly_model_Sopore_Delicious_A_posneg.csv
Sopore,Delicious,A,dn_L4,0.0006957681560052814,0.0007709635450115044,0.3678337424125976,1.1085168473045552,0.0006276568170317805,0.26889465233168514,236,weekly_model_Sopore_Delicious_A_posneg.csv
Sopore,Delicious,A,dp_L0,-0.0011766261894208057,0.0007153908218052221,0.10150703624853989,-1.0966445818580042,0.0010729330257824206,0.2740409153764797,236,weekly_model_Sopore_Delicious_A_posneg.csv
Sopore,Delicious,A,dp_L1,0.0006376490586007791,0.001075029674160679,0.5537159908529032,0.8953698044147722,0.0007121627906779329,0.37160491123917594,236,weekly_model_Sopore_Delicious_A_posneg.csv
Sopore,Delicious,A,dp_L2,-2.239343692494761e-05,0.001020627748012124,0.9825157785730243,-0.03740234764226159,0.0005987174157925014,0.9701993964469294,236,weekly_model_Sopore_Delicious_A_posneg.csv
Sopore,Delicious,A,dp_L3,-0.0008593616998208705,0.0009418089803324611,0.36256380509201214,-1.4646629443323285,0.0005867300071639441,0.14449425190744786,236,weekly_model_Sopore_Delicious_A_posneg.csv
Sopore,Delicious,A,dp_L4,0.0009691498023115784,0.0008519603454426567,0.2565913242008333,0.8487672241430991,0.0011418322653658256,0.39696819412991224,236,weekly_model_Sopore_Delicious_A_posneg.csv
Sopore,Delicious,A,dx_L0,0.23104431403420528,0.06697252430220872,0.0006767059453377,1.7738321679083995,0.13025150756322082,0.07752637567891085,236,weekly_model_Sopore_Delicious_A_posneg.csv
Sopore,Delicious,A,dx_L1,-0.0607156213029953,0.07121912503229501,0.39488846075472717,-1.494896906147299,0.04061525651255359,0.1364283611527115,236,weekly_model_Sopore_Delicious_A_posneg.csv
Sopore,Delicious,A,dx_L2,-0.006757766461066381,0.07045240062237423,0.9236750327140517,-0.15274420657548404,0.04424237496514664,0.8787452749991421,236,weekly_model_Sopore_Delicious_A_posneg.csv
Sopore,Delicious,A,dx_L3,0.015623748558710203,0.06904864687537136,0.8212081858818883,0.2693263685208826,0.058010467539864344,0.7879404886725331,236,weekly_model_Sopore_Delicious_A_posneg.csv
Sopore,Delicious,A,dx_L4,-0.0649870556962868,0.06481592906690319,0.31717752309208636,-0.9866328944107311,0.06586751370690967,0.3249473357098336,236,weekly_model_Sopore_Delicious_A_posneg.csv
Sopore,Delicious,A,dy_L1,0.03386235363257938,0.06861368264541255,0.6221547571154882,0.728419177241033,0.046487454875689484,0.46716086331567874,236,weekly_model_Sopore_Delicious_A_posneg.csv
Sopore,Delicious,A,dy_L2,0.06931934788655583,0.06727643040952737,0.3040122867358238,1.1264371345512132,0.061538585474788646,0.2612539917114496,236,weekly_model_Sopore_Delicious_A_posneg.csv
Sopore,Delicious,A,dy_L3,0.03647013718406655,0.06733256875678116,0.5886340353934238,0.559084532821478,0.06523188362950452,0.5766941422963461,236,weekly_model_Sopore_Delicious_A_posneg.csv
Sopore,Delicious,A,dy_L4,-0.023710010141473226,0.06636838211376107,0.7212610923794165,-0.2176174415471771,0.1089527106508747,0.8279365002657573,236,weekly_model_Sopore_Delicious_A_posneg.csv
Sopore,Delicious,A,n_L1,3.781972537644242e-05,0.0010766255603494527,0.9720107103618549,0.04571059310232643,0.0008273733244235151,0.9635839490241227,236,weekly_model_Sopore_Delicious_A_posneg.csv
Sopore,Delicious,A,p_L1,1.560043133828318e-05,0.001075697616095079,0.9884426296992309,0.01883202877568508,0.0008283988689750533,0.9849928147952387,236,weekly_model_Sopore_Delicious_A_posneg.csv
Sopore,Delicious,A,x_L1,0.0893872071642963,0.03286891857576329,0.007080012476066769,2.47063891171411,0.036179794117417244,0.014275997815132557,236,weekly_model_Sopore_Delicious_A_posneg.csv
Sopore,Delicious,A,y_L1,-0.16298870251064546,0.041567384361367074,0.00011902307265653082,-4.066794954767651,0.040077924833551756,6.71991809443846e-05,236,weekly_model_Sopore_Delicious_A_posneg.csv
Sopore,Delicious,B,const,0.29957294290754277,0.11199733425054816,0.008060140805634764,2.006114260071478,0.14932995037723773,0.04611483650495104,236,weekly_model_Sopore_Delicious_B_posneg.csv
Sopore,Delicious,B,dn_L0,0.0007203822020749893,0.0011359867100587087,0.5266687579408864,0.3676544788383263,0.0019594000441696584,0.7134976677956846,236,weekly_model_Sopore_Delicious_B_posneg.csv
Sopore,Delicious,B,dn_L1,-0.0013333173143964085,0.001345493106007906,0.32283933134359843,-1.589476937911544,0.0008388403018594843,0.11344291990139518,236,weekly_model_Sopore_Delicious_B_posneg.csv
Sopore,Delicious,B,dn_L2,-0.0009943512500887926,0.0012618423995296617,0.43156790241737775,-1.5200879422593159,0.0006541406075564828,0.12997887619938928,236,weekly_model_Sopore_Delicious_B_posneg.csv
Sopore,Delicious,B,dn_L3,-0.001104026311254608,0.0011360942457494614,0.3322706629537985,-1.6168281681878578,0.0006828346592278891,0.10740238539724921,236,weekly_model_Sopore_Delicious_B_posneg.csv
Sopore,Delicious,B,dn_L4,0.0005515725435616546,0.0009772128674834701,0.573055232190941,0.8848217512904241,0.0006233713657663153,0.37725520661949974,236,weekly_model_Sopore_Delicious_B_posneg.csv
Sopore,Delicious,B,dp_L0,-0.001588425068983263,0.0009185605209912651,0.08521917964415249,-1.4685669972733308,0.001081615664748337,0.14343248174587536,236,weekly_model_Sopore_Delicious_B_posneg.csv
Sopore,Delicious,B,dp_L1,0.001134594618988069,0.0013906003535333294,0.41547154103672723,1.4446794493164359,0.0007853608075652446,0.1500243196284373,236,weekly_model_Sopore_Delicious_B_posneg.csv
Sopore,Delicious,B,dp_L2,0.0004285565432354361,0.0013159117946778712,0.7449932175116267,0.7514382507612387,0.0005703150495749853,0.45322230868770985,236,weekly_model_Sopore_Delicious_B_posneg.csv
Sopore,Delicious,B,dp_L3,-0.0006720752387537002,0.0012087713166193574,0.5787980929829946,-0.8529260729920837,0.0007879642328156828,0.3946628968282794,236,weekly_model_Sopore_Delicious_B_posneg.csv
Sopore,Delicious,B,dp_L4,0.00241727239342226,0.001093829195863237,0.028180670661371924,4.218459341727289,0.0005730225652554196,3.644928305336898e-05,236,weekly_model_Sopore_Delicious_B_posneg.csv
Sopore,Delicious,B,dx_L0,0.18077853970855054,0.05807487646198192,0.0021083923195362887,2.33724439564784,0.07734687054771701,0.020359088364337277,236,weekly_model_Sopore_Delicious_B_posneg.csv
Sopore,Delicious,B,dx_L1,-0.07434245808392392,0.06165442424104183,0.22924144312306446,-1.035288528774227,0.07180844375040528,0.3017136656848593,236,weekly_model_Sopore_Delicious_B_posneg.csv
Sopore,Delicious,B,dx_L2,0.09065175124446599,0.06066413736138878,0.13657841884678987,1.9732553043542946,0.045940204009298144,0.049765706311610605,236,weekly_model_Sopore_Delicious_B_posneg.csv
Sopore,Delicious,B,dx_L3,0.01694853196516205,0.06024859190313138,0.7787470107404126,0.3247479111764564,0.05218981056340906,0.7456920943447483,236,weekly_model_Sopore_Delicious_B_posneg.csv
Sopore,Delicious,B,dx_L4,-0.08572721347644699,0.05689762221558275,0.1333781339101972,-1.4652822028969628,0.05850559933571734,0.14432543091478778,236,weekly_model_Sopore_Delicious_B_posneg.csv
Sopore,Delicious,B,dy_L1,0.10272102389646413,0.06676910071933614,0.12542944984829804,1.3928624320925804,0.07374814736164591,0.16512031244886233,236,weekly_model_Sopore_Delicious_B_posneg.csv
Sopore,Delicious,B,dy_L2,0.044101508129805594,0.06574785910601526,0.503098941568485,0.8441808219735109,0.05224177922770844,0.3995199531010153,236,weekly_model_Sopore_Delicious_B_posneg.csv
Sopore,Delicious,B,dy_L3,0.07248221205524066,0.0654827056327422,0.2695954675418003,0.8522500364102291,0.0850480597930435,0.39503707557303036,236,weekly_model_Sopore_Delicious_B_posneg.csv
Sopore,Delicious,B,dy_L4,0.1331662464549061,0.065420056678735,0.043039017634475464,1.424859052824459,0.09345924159371014,0.15566841761582334,236,weekly_model_Sopore_Delicious_B_posneg.csv
Sopore,Delicious,B,n_L1,0.0004986994390041282,0.0014195239299832618,0.7257012635637814,0.5241461785413773,0.0009514510635028119,0.600724432994935,236,weekly_model_Sopore_Delicious_B_posneg.csv
Sopore,Delicious,B,p_L1,-0.0004819831470297129,0.0014219963491960254,0.7349842192066989,-0.503234012102945,0.0009577714054254247,0.615322198164206,236,weekly_model_Sopore_Delicious_B_posneg.csv
Sopore,Delicious,B,x_L1,0.05968974551843818,0.027701908200042008,0.032311495534429406,2.270555191418893,0.02628861246977108,0.024178830181895487,236,weekly_model_Sopore_Delicious_B_posneg.csv
Sopore,Delicious,B,y_L1,-0.13841403110472725,0.03418123018404462,7.200026200393186e-05,-3.7141043053873797,0.037267136225537616,0.00026077297516523,236,weekly_model_Sopore_Delicious_B_posneg.csv
